ID;ICAO ADDRESS     MODE-S (HEX);Vehicle Plate;CALL SIGN
PkP;46F065;AIA-218;FM1
4wW;46F066;AIA-223;FM2
xCf;46F067;AIA-220;FM3
wJX;46F068;AIA-225;FM4
eLj;46F069;AIA-226;FM5
W4w;46F06A;AIA-221;FM6
NhM;46F06B;AIA-230;FM7
4pe;46F06C;AIA-227;FM8
mKY;46F06D;AIA-228;FM9
jTM;46F06E;AIA-229;FM10
Nyd;46F002;AIA-113;FM11
LWM;46F0A7;ΑΙΑ-224;FM12
CfK;46F0A5;AIA-219;FM13
kfw;46F0A6;AIA-222;FM14
jec;46F06F;ZXT 6217;AIRPORT3
3py;46F070;ZXK 3618;AIRPORT1
kFf;46F071;ME 109319;HEAVY20
Jte;46F072;ME 109320;HEAVY21
4KN;46F073;ME 109321;HEAVY22
xcx;46F074;ME 109322;HEAVY23
weN;46F075;ME 112595;HEAVY24
d7X;46F076;ME 112594;HEAVY25
wCY;46F077;ME 112597;HEAVY26
tP4;46F078;ME 112596;HEAVY27
n4F;46F079;ME 129537;HEAVY28
pH4;46F07A;ME 129542;HEAVY29
tkK;46F07B;ME 129539;HEAVY30
hhp;46F07C;ME 131152;HEAVY31
PP7;46F07D;ME 131153;HEAVY32
E3R;46F07E;AIA-56;AIRPORT2
EFL;46F07F;ME 61294;FRICTIO1
Em4;46F080;ME 61295;FRICTIO2
WcH;46F081;ΙΥΝ 9747;AIRSDOPS
h4e;46F082;IYN 8733;SAFETY1
mHN;46F083;ΙΡΙ 9353;DEVLPMNT
rR7;46F084;AIA-49;TRAINVHC
PNC;46F085; ΜΕ 61290;PANTHER1
3CF;46F086; ΜΕ 61289;PANTHER2
Yhe;46F087; ΜΕ 61288;PANTHER3
mdC;46F088; ΜΕ 61287;PANTHER4
txN;46F089; ΜΕ 61291;PANTHER5
EHt;46F08A; ΜΕ 61292;PANTHER6
WP3;46F08B; ΜΕ 61293;PANTHER7
pkt;46F08C;ΜΕ 61284;TLF11
mWm;46F08D;ΜΕ 61309;TLF12
HPh;46F08E;ΜΕ 61310;TLF13
kh3;46F08F;ΜΕ 61308;TLF14
WTr;46F090;ΜΕ 61278;VAN31
DfP;46F091;ΜΕ 61281;VAN32
xFC;46F092;ΜΕ 61283;VAN33
3WL;46F093;ΜΕ 61282;VAN34
rYc;46F094;ΜΕ 61280;VAN35
kDt;46F095;ΜΕ 61279;VAN36
Hmh;46F096;ΜΕ 61285;FIRETRC1
DjH;46F097;ΜΕ 129541;FIRETRC2
Ldk;46F098;ΜΕ 61312;FIRETRC3
Y4j;46F099;BKB 4673; OPSVHLE1
PpH;46F09A;ZXX9291; OPSVHLE2
HdT;46F09B;IYM 3669; OPSVHLE3
kKr;46F09C;ZYH 2726;AMBULNC1
7Dt;46F09D;ZYH 2739;AMBULNC2
CFN;46F09E;ZXT 6218;FOTA1
pXk;46F09F;IPI 9313;FOTA2
JTT;46F0A0;AIA-106;FOTA3
JFw;46F0A1;ME 129536;FOTA4
xHt;46F0A2;ΑΙΑ-92;SKY1
NJt;46F0A3;ΙΤΡ 1150;SKY2
PEw;46F0A4;ΙΟΗ 6964;SKY3
tXt;46F001;AIA-114;SKY4
CnW;46F0A8;XHM-2349;SKY5
jWE;46F0A9;;
tny;46F0AA;;
Hpj;46F0AB;;
YTM;46F0AC;;
KKJ;46F0AD;;
Crj;46F0AE;;
fLf;46F0AF;;
yyH;46F0B0;;
TM7;46F0B1;;
